# wire_code	official_code	prefecture	municipality
1	40100	福岡県	北九州市
2	40130	福岡県	福岡市
3	40202	福岡県	大牟田市
4	40203	福岡県	久留米市
5	40204	福岡県	直方市
6	40205	福岡県	飯塚市
7	40206	福岡県	田川市
8	40207	福岡県	柳川市
9	40210	福岡県	八女市
10	40211	福岡県	筑後市
11	40212	福岡県	大川市
12	40213	福岡県	行橋市
13	40214	福岡県	豊前市
14	40215	福岡県	中間市
15	40216	福岡県	小郡市
16	40217	福岡県	筑紫野市
17	40218	福岡県	春日市
18	40219	福岡県	大野城市
19	40220	福岡県	宗像市
20	40221	福岡県	太宰府市
21	40223	福岡県	古賀市
22	40224	福岡県	福津市
23	40225	福岡県	うきは市
24	40226	福岡県	宮若市
25	40227	福岡県	嘉麻市
26	40228	福岡県	朝倉市
27	40229	福岡県	みやま市
28	40230	福岡県	糸島市
29	40231	福岡県	那珂川市
30	40341	福岡県	宇美町
31	40342	福岡県	篠栗町
32	40343	福岡県	志免町
33	40344	福岡県	須恵町
34	40345	福岡県	新宮町
35	40348	福岡県	久山町
36	40349	福岡県	粕屋町
37	40381	福岡県	芦屋町
38	40382	福岡県	水巻町
39	40383	福岡県	岡垣町
40	40384	福岡県	遠賀町
41	40401	福岡県	小竹町
42	40402	福岡県	鞍手町
43	40421	福岡県	桂川町
44	40447	福岡県	筑前町
45	40448	福岡県	東峰村
46	40503	福岡県	大刀洗町
47	40522	福岡県	大木町
48	40544	福岡県	広川町
49	40601	福岡県	香春町
50	40602	福岡県	添田町
51	40604	福岡県	糸田町
52	40605	福岡県	川崎町
53	40608	福岡県	大任町
54	40609	福岡県	赤村
55	40610	福岡県	福智町
56	40621	福岡県	苅田町
57	40625	福岡県	みやこ町
58	40642	福岡県	吉富町
59	40646	福岡県	上毛町
60	40647	福岡県	築上町
61	41201	佐賀県	佐賀市
62	41202	佐賀県	唐津市
63	41203	佐賀県	鳥栖市
64	41204	佐賀県	多久市
65	41205	佐賀県	伊万里市
66	41206	佐賀県	武雄市
67	41207	佐賀県	鹿島市
68	41208	佐賀県	小城市
69	41209	佐賀県	嬉野市
70	41210	佐賀県	神埼市
71	41327	佐賀県	吉野ヶ里町
72	41341	佐賀県	基山町
73	41345	佐賀県	上峰町
74	41346	佐賀県	みやき町
75	41387	佐賀県	玄海町
76	41401	佐賀県	有田町
77	41423	佐賀県	大町町
78	41424	佐賀県	江北町
79	41425	佐賀県	白石町
80	41441	佐賀県	太良町
81	42201	長崎県	長崎市
82	42202	長崎県	佐世保市
83	42203	長崎県	島原市
84	42204	長崎県	諫早市
85	42205	長崎県	大村市
86	42207	長崎県	平戸市
87	42208	長崎県	松浦市
88	42209	長崎県	対馬市
89	42210	長崎県	壱岐市
90	42211	長崎県	五島市
91	42212	長崎県	西海市
92	42213	長崎県	雲仙市
93	42214	長崎県	南島原市
94	42307	長崎県	長与町
95	42308	長崎県	時津町
96	42321	長崎県	東彼杵町
97	42322	長崎県	川棚町
98	42323	長崎県	波佐見町
99	42383	長崎県	小値賀町
100	42391	長崎県	佐々町
101	42411	長崎県	新上五島町
102	43100	熊本県	熊本市
103	43202	熊本県	八代市
104	43203	熊本県	人吉市
105	43204	熊本県	荒尾市
106	43205	熊本県	水俣市
107	43206	熊本県	玉名市
108	43208	熊本県	山鹿市
109	43210	熊本県	菊池市
110	43211	熊本県	宇土市
111	43212	熊本県	上天草市
112	43213	熊本県	宇城市
113	43214	熊本県	阿蘇市
114	43215	熊本県	天草市
115	43216	熊本県	合志市
116	43348	熊本県	美里町
117	43364	熊本県	玉東町
118	43367	熊本県	南関町
119	43368	熊本県	長洲町
120	43369	熊本県	和水町
121	43403	熊本県	大津町
122	43404	熊本県	菊陽町
123	43423	熊本県	南小国町
124	43424	熊本県	小国町
125	43425	熊本県	産山村
126	43428	熊本県	高森町
127	43432	熊本県	西原村
128	43433	熊本県	南阿蘇村
129	43441	熊本県	御船町
130	43442	熊本県	嘉島町
131	43443	熊本県	益城町
132	43444	熊本県	甲佐町
133	43447	熊本県	山都町
134	43468	熊本県	氷川町
135	43482	熊本県	芦北町
136	43484	熊本県	津奈木町
137	43501	熊本県	錦町
138	43505	熊本県	多良木町
139	43506	熊本県	湯前町
140	43507	熊本県	水上村
141	43510	熊本県	相良村
142	43511	熊本県	五木村
143	43512	熊本県	山江村
144	43513	熊本県	球磨村
145	43514	熊本県	あさぎり町
146	43531	熊本県	苓北町
147	44201	大分県	大分市
148	44202	大分県	別府市
149	44203	大分県	中津市
150	44204	大分県	日田市
151	44205	大分県	佐伯市
152	44206	大分県	臼杵市
153	44207	大分県	津久見市
154	44208	大分県	竹田市
155	44209	大分県	豊後高田市
156	44210	大分県	杵築市
157	44211	大分県	宇佐市
158	44212	大分県	豊後大野市
159	44213	大分県	由布市
160	44214	大分県	国東市
161	44322	大分県	姫島村
162	44341	大分県	日出町
163	44461	大分県	九重町
164	44462	大分県	玖珠町
165	45201	宮崎県	宮崎市
166	45202	宮崎県	都城市
167	45203	宮崎県	延岡市
168	45204	宮崎県	日南市
169	45205	宮崎県	小林市
170	45206	宮崎県	日向市
171	45207	宮崎県	串間市
172	45208	宮崎県	西都市
173	45209	宮崎県	えびの市
174	45341	宮崎県	三股町
175	45361	宮崎県	高原町
176	45382	宮崎県	国富町
177	45383	宮崎県	綾町
178	45401	宮崎県	高鍋町
179	45402	宮崎県	新富町
180	45403	宮崎県	西米良村
181	45404	宮崎県	木城町
182	45405	宮崎県	川南町
183	45406	宮崎県	都農町
184	45421	宮崎県	門川町
185	45429	宮崎県	諸塚村
186	45430	宮崎県	椎葉村
187	45431	宮崎県	美郷町
188	45441	宮崎県	高千穂町
189	45442	宮崎県	日之影町
190	45443	宮崎県	五ヶ瀬町
191	46201	鹿児島県	鹿児島市
192	46203	鹿児島県	鹿屋市
193	46204	鹿児島県	枕崎市
194	46206	鹿児島県	阿久根市
195	46208	鹿児島県	出水市
196	46210	鹿児島県	指宿市
197	46213	鹿児島県	西之表市
198	46214	鹿児島県	垂水市
199	46215	鹿児島県	薩摩川内市
200	46216	鹿児島県	日置市
201	46217	鹿児島県	曽於市
202	46218	鹿児島県	霧島市
203	46219	鹿児島県	いちき串木野市
204	46220	鹿児島県	南さつま市
205	46221	鹿児島県	志布志市
206	46222	鹿児島県	奄美市
207	46223	鹿児島県	南九州市
208	46224	鹿児島県	伊佐市
209	46225	鹿児島県	姶良市
210	46303	鹿児島県	三島村
211	46304	鹿児島県	十島村
212	46392	鹿児島県	さつま町
213	46404	鹿児島県	長島町
214	46452	鹿児島県	湧水町
215	46468	鹿児島県	大崎町
216	46482	鹿児島県	東串良町
217	46490	鹿児島県	錦江町
218	46491	鹿児島県	南大隅町
219	46492	鹿児島県	肝付町
220	46501	鹿児島県	中種子町
221	46502	鹿児島県	南種子町
222	46505	鹿児島県	屋久島町
223	46523	鹿児島県	大和村
224	46524	鹿児島県	宇検村
225	46525	鹿児島県	瀬戸内町
226	46527	鹿児島県	龍郷町
227	46529	鹿児島県	喜界町
228	46530	鹿児島県	徳之島町
229	46531	鹿児島県	天城町
230	46532	鹿児島県	伊仙町
231	46533	鹿児島県	和泊町
232	46534	鹿児島県	知名町
233	46535	鹿児島県	与論町
